Coin1,Coin2,Correlation,ADF Statistic,p-value
BTC,ETH,0.7673739015968425,-0.4380941344269806,0.9035415058404395
BTC,BNB,0.7904572460459224,-1.9051863694840654,0.3296252262080649
BTC,SOL,0.8109139224413554,-1.8529759780732529,0.354495480308752
BTC,USDC,0.0067481730007730055,1.375581791869522,0.9970003409611378
BTC,XRP,0.40657271932947153,-1.5572004860389677,0.5050495197097534
BTC,DOGE,0.5061313160089356,-1.3284325849031713,0.6160660917839943
BTC,ADA,0.31163706744699354,0.6344829134750647,0.988435442486471
BTC,AVAX,0.3807169660748121,1.5854830259491444,0.9978133634163056
BTC,SHIB,0.5892375112743982,-0.7877689824606452,0.8226884615397029
BTC,BCH,0.63387607565176,-0.2038883558467286,0.9380565458999293
BTC,LINK,0.7426232689147162,-2.9627827468303534,0.038519244807075755
BTC,DOT,0.11038183701716148,1.6582717589614853,0.9980222804255263
BTC,DAI,-0.20968777321385879,-0.7290682842636493,0.8390758553220832
BTC,LTC,0.3121351133440128,1.059458095487294,0.9948553195928218
BTC,NEAR,0.39941905915422665,1.3174014068587179,0.996704612286656
BTC,APT,0.2864791140452574,0.6440220593785726,0.9886519025036368
BTC,SUI,0.7280300406938138,-1.8441028259533823,0.3587959528214113
BTC,UNI,0.3775883805601276,0.9090757419099583,0.9932076315052635
BTC,ICP,0.7225645705916667,-1.2300802055681836,0.66052399830749
BTC,FET,0.8753162586721398,-1.0344241577776334,0.7405027917038055
BTC,ETC,0.21476847486141387,0.5347768732037724,0.9858926483996386
BTC,XLM,0.347634203451518,-0.1155241045807439,0.947870151460335
BTC,RENDER,0.8356428204102837,-1.4314370999713475,0.5671154714185199
BTC,AAVE,0.4244493328992464,0.493156042071143,0.9846635885531838
BTC,IMX,0.7117829584443182,0.30413264793720657,0.977533297325381
BTC,FIL,0.18504413892703556,1.2501517843157308,0.9963147121073163
BTC,ARB,-0.15422493160585315,0.8697610411021226,0.9926827343862752
BTC,OP,0.4629086306834461,1.104777795264375,0.9952571935259142
BTC,FTM,0.3505170166890823,1.2633286215741695,0.996395505691
BTC,HBAR,0.5770045475184093,-2.204137914822122,0.20474706187334124
BTC,VET,0.33961851520977854,0.7596528759599556,0.9909561694605138
BTC,ATOM,0.11145061631477328,0.8049958980309316,0.9917163846733082
BTC,BONK,0.27187591207783796,-1.1515347076512583,0.6940893769653654
BTC,GRT,0.5457415486959778,0.11945613722965502,0.9673646232095554
ETH,BNB,0.8224956453153207,-2.696087163445296,0.07471781155689869
ETH,SOL,0.8614756197983501,-3.9676404177695543,0.001589763421525106
ETH,USDC,0.004911300899927742,-1.9510077618224961,0.3084586567731292
ETH,XRP,0.2594099528765375,-2.264845523380659,0.18355670456735917
ETH,DOGE,0.6518527876842192,-2.944174131046452,0.040447032537492135
ETH,ADA,0.5917887900825275,-2.2730621190649467,0.18080319140503526
ETH,AVAX,0.7447892304403699,-1.5541477302725066,0.5065757001773892
ETH,SHIB,0.8258722773830698,-4.520363886594516,0.00018063421663089925
ETH,BCH,0.6311754198075747,-2.744083128065633,0.06671563790115767
ETH,LINK,0.8583818765199893,-3.1937696771883726,0.020348159063647175
ETH,DOT,0.5405970887877735,-0.9433757733344336,0.7733528896119326
ETH,DAI,-0.18287742678776456,-1.4688661374843455,0.5488527770560865
ETH,LTC,0.43079255951497436,-2.1738507278276953,0.21587262971180432
ETH,NEAR,0.6417527045566584,-1.3419953908641777,0.609747221005187
ETH,APT,0.3471552856934608,-1.0846545827204082,0.7211525243738164
ETH,SUI,0.3439752633082113,-1.932952856211333,0.31672131844419116
ETH,UNI,0.4510963595024395,-1.945692936466939,0.31088021413680667
ETH,ICP,0.7935699671557574,-2.7033835511433844,0.07345459480424328
ETH,FET,0.9060385331558996,-2.9251418996081266,0.04250148138791994
ETH,ETC,0.5900051178774595,-2.393588460861113,0.14355420154009058
ETH,XLM,0.37016497959627725,-2.3805904472555914,0.14728971286526182
ETH,RENDER,0.8966900262457415,-2.8520434218996167,0.051215664087791185
ETH,AAVE,0.6685609158199808,-2.4353388780082144,0.13200962275735917
ETH,IMX,0.8107733672519724,-1.653927808665226,0.4549927694914797
ETH,FIL,0.5285050882334309,-1.7551927849081326,0.4029229923221192
ETH,ARB,0.13170562729410756,-0.7252308729106708,0.8401054902216609
ETH,OP,0.6109240165785806,-0.6391322674125159,0.8618923526844431
ETH,FTM,0.6304296962516107,-1.7997090853076765,0.38060613423996026
ETH,HBAR,0.6691674490623347,-1.7676634089251808,0.39662992556798515
ETH,VET,0.5632827185148923,-2.2197624638508504,0.19915116422838824
ETH,ATOM,0.49236266381959165,-1.833621610902776,0.36390182358858036
ETH,BONK,-0.2520589305037055,-0.9232527004362826,0.7802185623674676
ETH,GRT,0.8000075760571611,-2.5967047721762726,0.0936802384096001
BNB,SOL,0.8367885330257594,-4.013107089402365,0.001343412557808505
BNB,USDC,-0.007174342773580939,-0.5747457595884328,0.8765869561624069
BNB,XRP,0.24181248737069938,-1.9293447949388545,0.3183847794019697
BNB,DOGE,0.6068843802461135,-3.1205660374238233,0.02506817484880083
BNB,ADA,0.32493520928819325,-1.8415685279506813,0.36002796454373154
BNB,AVAX,0.4849086636744409,-0.44263147259769964,0.9027338419189456
BNB,SHIB,0.7045637357934247,-2.6404332015240284,0.08492512110333966
BNB,BCH,0.5016560302731019,-2.4228584114645773,0.13538844681401646
BNB,LINK,0.6146641132354864,-1.62904206289293,0.4679921755903835
BNB,DOT,0.25522176762224735,-0.14064435706770267,0.9452366842662163
BNB,DAI,-0.19035294248919585,-1.2115082062733977,0.6686256833759191
BNB,LTC,0.2309649090657646,-1.8940023966353174,0.33488781171467596
BNB,NEAR,0.49988829231261017,-0.3251406637773657,0.9218674176665008
BNB,APT,0.30147189105084404,-0.37506664343631624,0.9141792603405188
BNB,SUI,0.45756806388078824,-1.6395629999852557,0.46248914718961504
BNB,UNI,0.29660499573262566,-1.7130039619459352,0.424425205711065
BNB,ICP,0.6875950359248373,-1.796628756167969,0.3821367024956981
BNB,FET,0.8714991067087868,-2.094638211943873,0.2466760621950575
BNB,ETC,0.41682229790727116,-2.0183374892236308,0.2785910769556842
BNB,XLM,0.18082737332693538,-2.048578199675987,0.2656875004316316
BNB,RENDER,0.7688509843372769,-2.806988563826699,0.057282414909591406
BNB,AAVE,0.4437065450589838,-1.1639431928584936,0.6889110288487699
BNB,IMX,0.59640166567515,-0.38934588771927703,0.911862492568433
BNB,FIL,0.22401184882833086,-0.635365834627234,0.8627889118449102
BNB,ARB,-0.2715983571096808,-0.560607526242397,0.8796370229512495
BNB,OP,0.3413502934330806,-0.007828231365565166,0.9578798889560878
BNB,FTM,0.45814201631574036,-0.5255667521930999,0.8869300167051837
BNB,HBAR,0.43815204572089417,-1.1587973590141596,0.6910643284026826
BNB,VET,0.39929457737198143,-1.8386868915192291,0.3614308214757296
BNB,ATOM,0.2110969194199322,-1.6950219956648198,0.4336791024026578
BNB,BONK,-0.22086265228353896,-2.403827302530638,0.14065909346093775
BNB,GRT,0.5560482020614718,-0.7667514406437879,0.8286940564016625
SOL,USDC,0.014347660702835979,-0.6618902660745623,0.8563754649690845
SOL,XRP,0.3566320945914156,-1.500202711725739,0.5334110579352047
SOL,DOGE,0.4592286270214328,-1.9152315006561693,0.32493000622549356
SOL,ADA,0.3395718222627047,-0.8562066683500178,0.8020520386846972
SOL,AVAX,0.6090620894784086,0.1303049424255047,0.9680702748488708
SOL,SHIB,0.755113019941563,-3.458867950301853,0.009108465875824727
SOL,BCH,0.3763895787849723,-1.2418428233376755,0.6553421068890268
SOL,LINK,0.7871744883157684,-2.6666609789535247,0.079987172024781
SOL,DOT,0.3579209330419068,0.2391044606384892,0.9743715069937083
SOL,DAI,-0.22221952921019147,-1.4650532601273163,0.5507227643539859
SOL,LTC,0.09719165470461787,-0.7900785682444126,0.8220190550347728
SOL,NEAR,0.5340286149989015,-0.029893123513184138,0.9559890149148507
SOL,APT,0.28318122512824184,-0.05988571583624764,0.9532903694812618
SOL,SUI,0.6861932587130033,-2.297073560423011,0.17291354374028034
SOL,UNI,0.14708881547844369,-0.7373254445492983,0.8368431158520269
SOL,ICP,0.7765184212871259,-2.0825152073224995,0.25160319510489826
SOL,FET,0.8713331561122388,-1.7455901261676758,0.40778923229795583
SOL,ETC,0.2927967414524907,-1.0102692941771265,0.7495004087384058
SOL,XLM,0.09429566110632176,-0.9057843793701892,0.7860615704022444
SOL,RENDER,0.8044306932904516,-1.2964360278630926,0.6308012537849709
SOL,AAVE,0.5303777800905745,-1.7731056145023363,0.39389336592002566
SOL,IMX,0.7235389114373155,-0.7659109937363731,0.828930989386538
SOL,FIL,0.3193540439476089,-0.8913632246911044,0.7908033240032565
SOL,ARB,-0.12305435151163284,-0.24229028153329932,0.933289388456098
SOL,OP,0.4343000039253964,0.02857844759245787,0.9608326511840892
SOL,FTM,0.5178524780210111,-0.4312117172396902,0.9047556649013659
SOL,HBAR,0.5475429263890765,-1.7318570795371662,0.41477797870315775
SOL,VET,0.25260237805479663,-0.7709789317757746,0.827498524938449
SOL,ATOM,0.2732900619419804,-0.4414815569521698,0.9029390753615596
SOL,BONK,0.6838325647953747,-1.784586514793206,0.38814046441253
SOL,GRT,0.6167801034892838,-0.7118588448639012,0.8436538707925972
USDC,XRP,-0.13531689211675946,-8.828957306892681,1.791409576501012e-14
USDC,DOGE,-0.02404929541588559,-16.695782520873657,1.4754138276608432e-29
USDC,ADA,-0.006317755682173009,-16.683643741115546,1.5089854024574067e-29
USDC,AVAX,-0.002295767719037368,-16.682991585228105,1.510815793025863e-29
USDC,SHIB,-0.022347369230086418,-16.69420847935847,1.479714238747032e-29
USDC,BCH,0.01137555437616996,-16.68541495343962,1.5040280737369354e-29
USDC,LINK,0.006315421544382399,-16.412051137561953,2.5780531060163096e-29
USDC,DOT,-0.00570308122534892,-16.683614612308613,1.5090670987703317e-29
USDC,DAI,0.03450753338708669,-8.771479070483489,2.5141333910394473e-14
USDC,LTC,-0.05060074718055433,-16.783929836308918,1.2576872487001934e-29
USDC,NEAR,0.015325960865528855,-16.37038938284799,2.8140367548008045e-29
USDC,APT,-0.08673754938069768,-15.119742905731941,7.489692035735697e-28
USDC,SUI,-0.143963197004672,-7.946048204132464,3.217931462289434e-12
USDC,UNI,-0.026814171524000695,-16.705242279552238,1.4498945143014867e-29
USDC,ICP,0.02641865871993966,-15.57803696979734,1.948567272281339e-28
USDC,FET,0.005574729988269461,-14.99124069280228,1.1245256119489672e-27
USDC,ETC,-0.014077748798054552,-16.69056888558097,1.489717835995227e-29
USDC,XLM,-0.006265052874491303,-16.683569290351556,1.5091942222470118e-29
USDC,RENDER,-0.36483553070707847,-6.593178278521746,7.0308767658297585e-09
USDC,AAVE,-0.02339498838190166,-16.697416222558473,1.470966873436888e-29
USDC,IMX,0.0037267045144455816,-15.222539350095317,5.4598998185572395e-28
USDC,FIL,-0.01699192687382692,-16.692535695633165,1.484301545335901e-29
USDC,ARB,0.004498711873752612,-11.145655804420002,3.030770889677213e-20
USDC,OP,-0.037711935591780044,-15.617369284351602,1.7492067440007235e-28
USDC,FTM,-0.027435976140830667,-16.70147129687105,1.4600008941407874e-29
USDC,HBAR,-0.03866127328480425,-8.756156184260695,2.751878995351393e-14
USDC,VET,-0.010818158234852679,-16.686158931332578,1.501951842823135e-29
USDC,ATOM,-0.03663276906516237,-16.713000234175496,1.4293760619364425e-29
USDC,BONK,0.10805779053592529,-5.472392342429646,2.3826116871442103e-06
USDC,GRT,-0.01722727509296328,-16.3744946838403,2.789676586711348e-29
XRP,DOGE,0.7099165011326657,-2.9255408340075753,0.042457542455649575
XRP,ADA,0.6788181682208713,-1.0074120984193817,0.7505513176147649
XRP,AVAX,0.2529366999120241,1.66298746961288,0.9980347621183924
XRP,SHIB,0.2634657003018321,1.4364815521938898,0.9972737308164663
XRP,BCH,0.2182663355731487,1.0823725653799678,0.9950633359667777
XRP,LINK,0.2782283116836594,1.8034258667663252,0.998355787561155
XRP,DOT,0.2964181470990367,1.9683020753382037,0.9986303199429182
XRP,DAI,-0.05043171332037772,2.855512674080092,1.0
XRP,LTC,0.23216601459057076,0.8153634511939498,0.9918801586341435
XRP,NEAR,0.17973430058262124,1.9263003423121159,0.9985691776904119
XRP,APT,0.3758140629532509,1.8562036726088498,0.9984542088918674
XRP,SUI,0.598763368569016,0.29423744584604405,0.9770785537301576
XRP,UNI,0.37739308022035795,0.6240518621400022,0.9881937040737533
XRP,ICP,0.13302018883351585,2.031341296161261,0.9987123174524714
XRP,FET,0.08532124364734063,2.183621849297693,0.9988687564527602
XRP,ETC,0.35321541296665815,1.1437406209827181,0.9955731737023491
XRP,XLM,0.8046753453921616,-4.774328690307857,6.088112141936093e-05
XRP,RENDER,0.8612489510912571,-4.1747701926384515,0.0007267779138682459
XRP,AAVE,0.5385666639175231,-0.7453874166064403,0.8346404071604101
XRP,IMX,0.06075455734249214,2.261716971542619,0.9989295618164743
XRP,FIL,0.1860927412729247,2.275786269908292,0.9989392841221851
XRP,ARB,0.012196669631696072,2.2427097518899783,0.9989158467683318
XRP,OP,0.06973147513922658,2.261624843918847,0.9989294969595127
XRP,FTM,0.3490392371373729,1.1515976328386786,0.9956337984723436
XRP,HBAR,0.6574895643290655,0.42567432145312833,0.982430090990649
XRP,VET,0.3597867198098451,0.53579537751228,0.9859214050131857
XRP,ATOM,0.15937410285991158,2.07589955709199,0.9987638125276034
XRP,BONK,-0.14043873432337875,-1.0406012584075186,0.7381695071544849
XRP,GRT,0.17773388421384206,1.9804611067985798,0.998647018227067
DOGE,ADA,0.702066020203096,-2.723356709422045,0.070083008751319
DOGE,AVAX,0.5413138921132665,1.2946353971980324,0.9965787296225405
DOGE,SHIB,0.7302939009011087,-1.2685904762140223,0.6434169430904741
DOGE,BCH,0.765927526295283,-2.7233936670544603,0.07007688615383902
DOGE,LINK,0.6057060297639816,-0.27270433488148565,0.9292822353444697
DOGE,DOT,0.3593844175198526,1.6967306985251653,0.9981206125151205
DOGE,DAI,-0.15638658554436946,1.0639000472987425,0.9948964368475435
DOGE,LTC,0.6160236674158516,-2.344833498978521,0.1579155381232598
DOGE,NEAR,0.4777175267509276,1.4631064110509235,0.9973827879780897
DOGE,APT,0.40468290287345593,1.3475325038488062,0.9968622539257286
DOGE,SUI,0.8122415553553347,-2.234240171914995,0.1940537167171255
DOGE,UNI,0.6581967306862802,-2.607135906651915,0.09153137146949558
DOGE,ICP,0.5415578701634632,0.5258634639637698,0.985638353786609
DOGE,FET,0.6433147355858992,0.8965955207035023,0.993045735728488
DOGE,ETC,0.8244281758958167,-2.284528512712588,0.17700639498521775
DOGE,XLM,0.6331306932357829,-3.2307714806460743,0.018271183861863327
DOGE,RENDER,0.8482387818423803,-1.2826539072262573,0.6370703391045812
DOGE,AAVE,0.8039394659744545,-1.233049082420172,0.6592197580196955
DOGE,IMX,0.44884537141920294,1.366572367709214,0.996956866319279
DOGE,FIL,0.6981743896409133,0.7644409429528715,0.9910399455194847
DOGE,ARB,-0.09697828157171293,1.521440735553414,0.9976016608477013
DOGE,OP,0.30606531698574097,1.7785347255031425,0.9983054803537427
DOGE,FTM,0.5149810135326518,1.0783441926685602,0.9950274946975363
DOGE,HBAR,0.6682814682293593,-3.4765783557972973,0.008609384588661662
DOGE,VET,0.7600260097394329,-2.3926746208821146,0.14381462619540497
DOGE,ATOM,0.3906029389800756,-1.7816431250193674,0.38961270008464494
DOGE,BONK,-0.02818556672418769,-2.2346281573610387,0.193918274613314
DOGE,GRT,0.5434915957966181,1.059850995402994,0.9948589721331885
ADA,AVAX,0.9504104006121731,-4.478036057555936,0.00021541191133439054
ADA,SHIB,0.6788415337212866,-5.966546431630147,1.981539280021234e-07
ADA,BCH,0.709966876305615,-2.6748470137075246,0.07849288232471525
ADA,LINK,0.6586246224669152,-2.0233749911245495,0.27641895035835273
ADA,DOT,0.9475065595916183,0.07669775554797503,0.9644336555174982
ADA,DAI,-0.1360694045402229,1.2871382987629942,0.9965359425205002
ADA,LTC,0.7748853932341849,-3.079539103522424,0.028104910156074667
ADA,NEAR,0.8536452337260674,-0.9369218733027989,0.7755705427451809
ADA,APT,0.5851227580013602,1.676545254124283,0.9980699771972934
ADA,SUI,0.6237740274962364,-0.8087110103712639,0.816549872636606
ADA,UNI,0.8337144706212319,-2.8798701641139655,0.04773939804578351
ADA,ICP,0.7184189574317177,0.8536172997347313,0.9924541595880837
ADA,FET,0.4698530887352976,1.0615484081263917,0.9948747169727702
ADA,ETC,0.789453636548769,-3.945546178699055,0.0017240816690460158
ADA,XLM,0.76819624580667,-2.2681021404898853,0.18246208459876812
ADA,RENDER,0.9114373196996146,-3.3141390214894795,0.014258168936853608
ADA,AAVE,0.9328566490444522,-3.926735862874539,0.0018466630135032514
ADA,IMX,0.6322833524281857,0.45965784060486553,0.9835939541090946
ADA,FIL,0.959441417174977,-4.49061111513748,0.00020446561586677
ADA,ARB,0.4531353180300772,3.5750984994513635,1.0
ADA,OP,0.561927979268785,2.727600527745388,0.9990879760240039
ADA,FTM,0.8808203183647875,-2.930038478944997,0.0419647816607521
ADA,HBAR,0.8601262201485322,-4.141809064593229,0.0008253772111245528
ADA,VET,0.8640552097667467,-3.787660462190868,0.0030361180434515756
ADA,ATOM,0.7613134174005187,-1.9190194547636872,0.32316733305611633
ADA,BONK,-0.038087259296407536,-1.4957877224761786,0.5355940536903616
ADA,GRT,0.8429687062565765,-1.535074830147007,0.5160945179836517
AVAX,SHIB,0.8588864141569692,-3.0110634959408173,0.033874046879306965
AVAX,BCH,0.6104506618119567,-2.5583622323665463,0.1019118741226464
AVAX,LINK,0.7212499034509141,-1.6208553523039355,0.4722808977998778
AVAX,DOT,0.9374542916170171,-3.189782878673454,0.02058375592227402
AVAX,DAI,-0.15968984636054903,-1.2187405868095853,0.6654824795020235
AVAX,LTC,0.8176162822095048,-2.7593930156950597,0.06431237212800768
AVAX,NEAR,0.9123480757434128,-3.1182618480322413,0.025230917615539545
AVAX,APT,0.5480548589077742,-1.1564252291731718,0.692054183762182
AVAX,SUI,0.4315023778386486,-2.257682803586104,0.18597937787567786
AVAX,UNI,0.860161760811191,-2.962781684118508,0.03851935266031325
AVAX,ICP,0.9315837167577303,-4.777436407329431,6.005694669432569e-05
AVAX,FET,0.7985360149709156,-2.1709126554630362,0.21697131596591185
AVAX,ETC,0.7568355757498219,-2.946694706199434,0.04018127697142852
AVAX,XLM,0.7391535030064457,-1.299232633846183,0.6295233114631824
AVAX,RENDER,0.9197820637216427,-3.3374276151557436,0.013286133688564213
AVAX,AAVE,0.8617641294946065,-2.391891653064799,0.14403802003470373
AVAX,IMX,0.8669283323372394,-5.953737851832046,2.1172056774878847e-07
AVAX,FIL,0.9089325814694702,-3.751723876626943,0.0034417158119881787
AVAX,ARB,0.44393468588693097,-0.7606777813981093,0.8304007488480867
AVAX,OP,0.7392970718459546,-1.6965073092306278,0.432912908778077
AVAX,FTM,0.8923047653130635,-4.963995278789379,2.613767107515171e-05
AVAX,HBAR,0.7315609678004688,-1.2846480595953031,0.6361662524018635
AVAX,VET,0.9501614413066277,-5.497584992252018,2.1063923656193856e-06
AVAX,ATOM,0.8269640532092923,-2.7844708167026386,0.060526468678422665
AVAX,BONK,-0.21249567813386147,-1.4372646132993336,0.5642864336244677
AVAX,GRT,0.9256411215763036,-3.5528481695825365,0.006729155363662137
SHIB,BCH,0.7485500230004436,-4.823440496782092,4.90402433689476e-05
SHIB,LINK,0.7151804269563826,-2.7321727939108924,0.06863450628472821
SHIB,DOT,0.7342511453137942,-1.6976980019680623,0.43229892411841425
SHIB,DAI,-0.15515143505750278,-1.3394478781589136,0.6109372933051731
SHIB,LTC,0.739761112760468,-4.970917278189687,2.5330299205076913e-05
SHIB,NEAR,0.8082752065812525,-2.8570784323056357,0.05057170068089863
SHIB,APT,0.5080851044849347,-1.5188275686622197,0.524177904433421
SHIB,SUI,0.48709227716238906,-2.0508629186636735,0.26472600701644244
SHIB,UNI,0.757239458784823,-5.650757031825189,9.873250632406904e-07
SHIB,ICP,0.7663998271961017,-2.7014835758885987,0.07378189727635046
SHIB,FET,0.8995459356935963,-3.679512003107086,0.004410741426068969
SHIB,ETC,0.7044698748726167,-4.9640134424197555,2.6135520398831605e-05
SHIB,XLM,0.68705324457792,-4.389125935058136,0.0003102656406729511
SHIB,RENDER,0.8358769601129707,-2.2754080361709375,0.18002206199382087
SHIB,AAVE,0.730431426896483,-5.655865373429192,9.624488443795095e-07
SHIB,IMX,0.6741424118981498,-2.3456613733419376,0.15766369860867713
SHIB,FIL,0.6238240858687844,-4.610651490892081,0.0001234547137612061
SHIB,ARB,0.02888038037428416,-0.8728506675513887,0.7967815738805945
SHIB,OP,0.46805546739099063,-1.2348510477469268,0.6584269353462391
SHIB,FTM,0.8041084345005534,-3.048430612388137,0.030612496738681598
SHIB,HBAR,0.6595215682765782,-2.3958209503062746,0.14291939034787504
SHIB,VET,0.7961792488390618,-5.775732672909143,5.264977499897854e-07
SHIB,ATOM,0.5977304995903754,-3.323042640529446,0.01387936691552546
SHIB,BONK,-0.1904597852933425,-1.1893203536711967,0.6781728711559848
SHIB,GRT,0.8720376173623147,-3.7608127714979456,0.0033346841688528532
BCH,LINK,0.7805103507549921,-2.996934187576613,0.03518170220335269
BCH,DOT,0.36683457786419804,-0.5830015813058086,0.8747768987605172
BCH,DAI,-0.1639274207083895,-1.3532547632784062,0.6044700873576025
BCH,LTC,0.8511546966914652,-2.1982788024626254,0.20687074528100446
BCH,NEAR,0.5295827992465355,-1.011555692974735,0.7490263289338628
BCH,APT,0.24514556023746992,-0.8154637768414951,0.8145374453562181
BCH,SUI,0.4224498050569519,-1.6872571235834852,0.43768966006422
BCH,UNI,0.8569549726833726,-3.9698809050149424,0.0015767002820596524
BCH,ICP,0.7406888240188407,-2.222304107101803,0.19825016417772345
BCH,FET,0.9142564187015351,-3.071618352988006,0.028726107914576932
BCH,ETC,0.6624213049113288,-2.1541406842365363,0.2233085045527196
BCH,XLM,0.8347937560025455,-3.4617531922380578,0.00902543135635549
BCH,RENDER,0.8788256146357316,-3.113995902389531,0.025534618199285646
BCH,AAVE,0.8003064346062865,-2.27354048279157,0.18064372751803343
BCH,IMX,0.7079185181565644,-1.3415944917211688,0.6099345981408434
BCH,FIL,0.7210192392862963,-0.9331968426807169,0.7768437789267812
BCH,ARB,-0.048891766158418226,-1.1154129575125702,0.7088864212570126
BCH,OP,0.46244199036688827,-0.7289611417080686,0.8391046721064714
BCH,FTM,0.5251096974261628,-1.1529974980102717,0.6934814211731337
BCH,HBAR,0.6084575232935546,-2.287345664093128,0.17608173254832976
BCH,VET,0.8386572851642222,-2.9864949734247785,0.03617499258803231
BCH,ATOM,0.4287389792759729,-2.080134921296834,0.25257710280839046
BCH,BONK,-0.07638494904156751,-0.8122878850442027,0.8154859199748639
BCH,GRT,0.6807373856668538,-1.728158619261766,0.41666580565219163
LINK,DOT,0.49278942976851586,-0.6705900284450108,0.8542210394428037
LINK,DAI,-0.1205535745174348,-0.9426373295563943,0.7736073791694766
LINK,LTC,0.4357878184705106,-1.5276143771924335,0.5198093759310934
LINK,NEAR,0.5772148809509744,-0.7103507300069679,0.8440502172860094
LINK,APT,0.35408656059759197,-0.5540149494912084,0.8810379626554228
LINK,SUI,0.2997144967040252,-1.7866164515287202,0.38712620539684806
LINK,UNI,0.7790288277096347,-2.680762568692636,0.0774267526696009
LINK,ICP,0.8353527791011034,-2.412805999914912,0.13815458335768327
LINK,FET,0.7813807027962257,-1.4829066506345812,0.5419495930087692
LINK,ETC,0.5304179554087496,-2.6274939974463765,0.08744690544546474
LINK,XLM,0.47879231345180695,-2.8729697947877133,0.04858274224746311
LINK,RENDER,0.8842418873261981,-4.103485042389075,0.0009557573382527869
LINK,AAVE,0.6709659767356779,-2.1830321215478903,0.21246135179158016
LINK,IMX,0.9054478205987834,-1.6827907560572066,0.44000029488894804
LINK,FIL,0.47614739166118497,-0.52583257081952,0.8868761024891803
LINK,ARB,0.4426926215221126,-0.42595209532268175,0.9056747012337671
LINK,OP,0.7139152481704384,-0.6878899233205875,0.8498614338909034
LINK,FTM,0.641318766924742,-1.0439746706179047,0.7368897357712729
LINK,HBAR,0.7354928145571938,-1.703046330741757,0.429543603076511
LINK,VET,0.7292764239899167,-2.0037445017770787,0.284933683037632
LINK,ATOM,0.3186308385643563,-1.0623705773895853,0.7298425298368583
LINK,BONK,-0.24389348029322744,-0.7120522722047088,0.8436029800321675
LINK,GRT,0.7785748474864761,-1.3298852280275495,0.6153913283177689
DOT,DAI,-0.10571884155989246,-1.214678914076432,0.6672495538524743
DOT,LTC,0.8144509726121759,-2.0858264452272994,0.25025191875811303
DOT,NEAR,0.8763609677704954,-2.7638282696774557,0.06362928635714368
DOT,APT,0.6800830168988963,-2.322490984046968,0.16481674422256237
DOT,SUI,0.19480905750681596,-1.4587787385806572,0.5537955207783994
DOT,UNI,0.791200598092065,-1.4662054227172625,0.5501579139298411
DOT,ICP,0.667367634836993,-2.8565616134572105,0.050637492519300095
DOT,FET,0.3490087468995281,-2.259567220066835,0.18533998909341404
DOT,ETC,0.6859096348060073,-3.2751218484975797,0.01602781982427387
DOT,XLM,0.7055834510465112,-0.27954155347349335,0.928352297314254
DOT,RENDER,0.8962541108149792,-3.207281191098854,0.019567064918348344
DOT,AAVE,0.75632282942643,-1.7522920684194723,0.4043911228813202
DOT,IMX,0.47519323050355583,-5.668149656705434,9.051053339885833e-07
DOT,FIL,0.983525886299287,-5.144338838544615,1.1409199421680714e-05
DOT,ARB,0.7236711391891302,-0.4807700587917449,0.8957147771962054
DOT,OP,0.6066479372306341,-2.3555152893191567,0.15468736494174368
DOT,FTM,0.8835632312375065,-3.8228085526543443,0.0026823873233350797
DOT,HBAR,0.7994173485414324,-2.100020922976592,0.24450618835078097
DOT,VET,0.9471709138361465,-0.9530985645472854,0.7699840806546636
DOT,ATOM,0.9076301183377758,-4.362561875074945,0.00034554384762690776
DOT,BONK,-0.18300172753431806,-0.9658964038994603,0.765498753147011
DOT,GRT,0.8162861941586881,-2.449091845123235,0.12835706012989628
DAI,LTC,-0.06150328901163315,-14.57865832946826,4.505689526016456e-27
DAI,NEAR,-0.17536067942442282,-14.894311315082186,1.5405431399031736e-27
DAI,APT,-0.12101602808893004,-14.700193669728293,2.954964314201117e-27
DAI,SUI,-0.13124112221661044,-13.784693037074794,9.158403840507765e-26
DAI,UNI,-0.13158930570754457,-14.70691809947531,2.887698187377261e-27
DAI,ICP,-0.1785744065271475,-14.906364173387209,1.4808435958418552e-27
DAI,FET,-0.14439072137669104,-14.73506659199446,2.6232874623581374e-27
DAI,ETC,-0.1351321909343836,-14.728246240151483,2.684899609020179e-27
DAI,XLM,-0.015361229053403945,-11.727286322549023,1.3679774924769272e-21
DAI,RENDER,-0.12112648910742252,-6.953730609701689,9.546380617602114e-10
DAI,AAVE,-0.1335131728612434,-14.689304933046722,3.0674407561144682e-27
DAI,IMX,-0.12655360493146317,-14.66941706798108,3.2847747201032086e-27
DAI,FIL,-0.09413293820385023,-14.586765676979473,4.379202451562631e-27
DAI,ARB,0.006022494770398323,-11.720629075401485,1.416228702930197e-21
DAI,OP,-0.08478881691398064,-14.550136304130168,4.98230045685533e-27
DAI,FTM,-0.13282852968210634,-14.717701623718627,2.7832020480160244e-27
DAI,HBAR,-0.07776708928296898,-14.541895903462558,5.129721170703907e-27
DAI,VET,-0.14080252455510575,-14.739943130065793,2.5801576027184602e-27
DAI,ATOM,0.028464624224114717,-14.464869153318412,6.752919823524815e-27
DAI,BONK,-0.08919829342397696,-5.63190249516573,1.0846902317914282e-06
DAI,GRT,-0.12926505030996896,-14.692819334120713,3.0306494474493625e-27
LTC,NEAR,0.5578504238628491,-2.509583588733744,0.11315991320464441
LTC,APT,0.648377628875824,-3.0283330394042753,0.03233183817275524
LTC,SUI,0.49845607648229767,-1.4937321927742848,0.5366096235047578
LTC,UNI,0.9186726349304304,-5.4640397322373255,2.4817437161590373e-06
LTC,ICP,0.22349968806858783,-2.1371858827405035,0.22982715204186344
LTC,FET,0.34402602279350897,-2.2983487109789533,0.17250109820098564
LTC,ETC,0.6084560937302829,-2.792750535239692,0.05931678742404469
LTC,XLM,0.922325173845766,-4.202974352288568,0.0006513030009885325
LTC,RENDER,0.8505821652641032,-3.377646283188549,0.011744925924238378
LTC,AAVE,0.8515718097863141,-3.327265985691772,0.013702815617766019
LTC,IMX,0.2736659109516263,-2.276620800082701,0.1796191185573326
LTC,FIL,0.8941919551359094,-3.3061848750187144,0.014604263874203135
LTC,ARB,0.34579865059302395,-0.873553537262325,0.7965568298932718
LTC,OP,0.502710620640155,-1.9324870053381589,0.3169358671216122
LTC,FTM,0.8042021348722047,-3.8588631029889537,0.002359338598352342
LTC,HBAR,0.6220165279511806,-3.107488283602486,0.02600396234405125
LTC,VET,0.8982985078141866,-4.529879770341714,0.00017358740933913415
LTC,ATOM,0.6491596139388833,-2.9041109761213586,0.04487203112198803
LTC,BONK,-0.16850313429927508,-0.8241725702937222,0.8119182418181099
LTC,GRT,0.7109971586099564,-2.5941316940089423,0.09421620273933806
NEAR,APT,0.38675957545919,-0.9891064111953515,0.7572167223900499
NEAR,SUI,0.36858784040143633,-1.9692591060300662,0.3002123908482194
NEAR,UNI,0.7049347649413136,-2.0838362376610045,0.25106360477528816
NEAR,ICP,0.8137319092766491,-2.690085260815886,0.07576972221669558
NEAR,FET,0.8199181898290958,-2.7585089545030743,0.06444923021621603
NEAR,ETC,0.7131327807682234,-3.876330040086026,0.002216117999841022
NEAR,XLM,0.5364321190834745,-1.9053460117806589,0.32955037263302334
NEAR,RENDER,0.9521798423191493,-3.8060127083906035,0.002846392747693405
NEAR,AAVE,0.7720912299199185,-1.8790768237302118,0.3419671360858436
NEAR,IMX,0.602452663292671,-4.07813769380603,0.0010523279300396603
NEAR,FIL,0.8628570233505652,-2.8533531883264613,0.051047504574351456
NEAR,ARB,0.0017074573851908377,-0.8353239309400038,0.8085251325649576
NEAR,OP,0.38002588008748533,-1.1154481797923326,0.7088721970721577
NEAR,FTM,0.8291068326628238,-2.5290438150303363,0.10856661041707238
NEAR,HBAR,0.6361603379665883,-1.372038592794593,0.5956053580447264
NEAR,VET,0.9001212193190303,-2.477601503650077,0.121019665554015
NEAR,ATOM,0.6916583699473029,-1.484097631745966,0.5413628343627339
NEAR,BONK,-0.17362474212733897,-1.4717512260012775,0.5474364653064278
NEAR,GRT,0.8726953143559958,-2.869345561719529,0.04903058174634269
APT,SUI,0.6401204799747688,-2.0173911476821624,0.2790001295453834
APT,UNI,0.5608898468930753,-2.6238355693683832,0.08817032172109779
APT,ICP,0.5008051209366277,-2.374173771710544,0.1491587247536476
APT,FET,0.41008173348875226,-2.1991910629597937,0.2065391853368349
APT,ETC,0.6153793661721523,-2.8856707539251265,0.047039847877038916
APT,XLM,0.2510391721909141,-2.5424662417947115,0.10548066897273833
APT,RENDER,0.7557530994924698,-2.2744742272040583,0.18033272864157668
APT,AAVE,0.39539918643021427,-2.3293410875166125,0.16267940631207217
APT,IMX,0.49511746018735536,-2.2315623802068085,0.194990166178447
APT,FIL,0.7465705269737895,-3.5045411790390673,0.007871230025910282
APT,ARB,0.5057306858118163,-1.1555760724944304,0.6924080976955181
APT,OP,0.7115676226814746,-2.374442724550238,0.14908005441364963
APT,FTM,0.6641631422405478,-2.5862699149415396,0.09586833075073325
APT,HBAR,0.679574732241919,-2.180884264169076,0.2132563696064147
APT,VET,0.5938035718996004,-2.5777353232906632,0.09768678665268593
APT,ATOM,0.5589340243278824,-2.2963066049114933,0.17316193207868835
APT,BONK,-0.15087711982893226,-2.3779634588444925,0.14805289249281817
APT,GRT,0.5728022838823785,-2.487596619459716,0.11852144228303879
SUI,UNI,0.49936163384294385,-0.7348420277245323,0.8375171084476754
SUI,ICP,0.35635736243121646,0.9620853114329286,0.9938493505010431
SUI,FET,0.31435506787675566,1.4309081729044344,0.997250127518128
SUI,ETC,0.3759857079588813,0.4547253941275068,0.9834300713287918
SUI,XLM,0.6040251580439036,-2.4364271792836436,0.13171788983239224
SUI,RENDER,0.763881896369368,-2.1000598623217166,0.24449053124236508
SUI,AAVE,0.7565439523140619,-2.457939433603362,0.12604629599992118
SUI,IMX,0.20910009042178426,1.4858092360809154,0.9974711319042016
SUI,FIL,0.19328170127535396,0.9617866858819281,0.9938459342226198
SUI,ARB,0.017071082786572225,1.1197945202491708,0.9953820699800089
SUI,OP,0.1706729342909337,1.369577519039841,0.9969714585600665
SUI,FTM,0.6175903815566423,-0.9766143117113275,0.761697858179302
SUI,HBAR,0.44030658751630336,-1.7787164912329696,0.3910783794348299
SUI,VET,0.3728726962543776,-0.618716017453515,0.8666966462366725
SUI,ATOM,-0.05278322659980438,1.048656037070471,0.9947536982947355
SUI,BONK,0.5295418944505479,-2.623553527875979,0.08822628398350962
SUI,GRT,0.28556999229591534,1.015609933319469,0.9944279512272517
UNI,ICP,0.7602478403284817,-2.8749972551517384,0.04833368699791005
UNI,FET,0.7559544874244044,-2.584056995394903,0.09633733507419107
UNI,ETC,0.6522288198476299,-3.0046089086920973,0.03446622218403869
UNI,XLM,0.9077191663081211,-3.599003393719336,0.005780109332732945
UNI,RENDER,0.8126395429162759,-2.5773616862558995,0.09776699296809493
UNI,AAVE,0.9485727532435759,-3.571847430969015,0.006322622978205211
UNI,IMX,0.7298347573477761,-2.1076075128017604,0.2414666062632676
UNI,FIL,0.9484482948759954,-4.073909282803371,0.00106929970113543
UNI,ARB,0.269912090635256,-0.3611857986188407,0.9163804458048351
UNI,OP,0.5670871953487227,-0.9895808947387005,0.7570454360085122
UNI,FTM,0.8267819286955327,-3.329923954441134,0.013592723375442031
UNI,HBAR,0.7446130794809547,-2.8245623466597864,0.05484996354981564
UNI,VET,0.906732770596243,-4.499268549181408,0.0001972391899111687
UNI,ATOM,0.6006591392437445,-2.140943774028903,0.2283726512858314
UNI,BONK,-0.26287916153596935,-0.8651169969884794,0.7992427932806448
UNI,GRT,0.8274650331353838,-3.042094709777848,0.031145930844499042
ICP,FET,0.818070348631064,-2.9761635728531473,0.03718118246382338
ICP,ETC,0.6241457509954254,-2.533682463510434,0.10749259264248345
ICP,XLM,0.2618862376441432,-2.039513485361225,0.269520933095626
ICP,RENDER,0.8895000175441063,-3.810450734121676,0.002802182035402975
ICP,AAVE,0.567042479105834,-1.933868501384409,0.31629981288981956
ICP,IMX,0.911460684216386,-4.01866049298501,0.001315890469061853
ICP,FIL,0.6313384156038324,-2.2044052759348003,0.2046504828003377
ICP,ARB,0.47047833056235594,-1.3790843403970912,0.5922612650303478
ICP,OP,0.7377692730384432,-2.3377795984018475,0.1600725613390479
ICP,FTM,0.7759533953083909,-2.7639486436670713,0.06361082883397304
ICP,HBAR,0.685714997047667,-1.0973133761149518,0.7161421096408499
ICP,VET,0.8901278420937198,-2.826660361404098,0.05456528247204789
ICP,ATOM,0.005302190942121125,-1.5183531484131094,0.5244135533350894
ICP,BONK,-0.1868986916966111,-1.0087623261559684,0.750055042907345
ICP,GRT,0.8640793033930702,-3.764129390790012,0.003296394485054094
FET,ETC,0.40416277260030786,-1.582082813712315,0.492587350138449
FET,XLM,0.2024827147324158,-1.5903978198984945,0.48841520693379703
FET,RENDER,0.584041891832163,-3.0504939901946218,0.030440463790876796
FET,AAVE,0.6177127894188259,-1.4352963219326684,0.5652425878826726
FET,IMX,0.7988372557907347,-2.1196506021732016,0.23668675737890926
FET,FIL,0.38044636437842183,-1.6349572367854959,0.464896979420398
FET,ARB,0.07116437794281208,-1.226499389449088,0.6620937460691354
FET,OP,0.5767432039644252,-1.5603572753612893,0.5034706338499316
FET,FTM,0.8921812240846113,-2.5374362848661813,0.10662928871849658
FET,HBAR,0.6030906468481628,-0.7411070634800248,0.8358126973839844
FET,VET,0.7236407954112024,-1.8189228349931852,0.37110832107506453
FET,ATOM,-0.25881892600409445,-1.5952145793597707,0.4859969293624394
FET,BONK,-0.2748979995798111,-1.0816963771965413,0.7223157132569259
FET,GRT,0.9178173796564726,-3.2109439845310703,0.019359873957375793
ETC,XLM,0.5691478398504662,-3.6956945468703384,0.004174123380582306
ETC,RENDER,0.9237208740712731,-3.2497495205699787,0.01727963874777649
ETC,AAVE,0.8870335747029778,-3.7196064930668555,0.003845672605298783
ETC,IMX,0.5217181079505895,-2.826072622744625,0.05464491130990341
ETC,FIL,0.9004504309711628,-3.9998891610500813,0.0014110917495022929
ETC,ARB,0.5283630991016371,-0.5771742111931016,0.8760567575686796
ETC,OP,0.41813803340067074,-2.0991605039997614,0.24485230103252692
ETC,FTM,0.5462326886012575,-3.0393688749962537,0.03137784592721888
ETC,HBAR,0.8125305067697549,-2.778984542558432,0.06133894703177564
ETC,VET,0.7786114799109813,-4.573721067667022,0.0001443686833339539
ETC,ATOM,0.532250509869777,-3.7232266868452357,0.0037980613519462613
ETC,BONK,-0.03288204644648783,-1.030844344267892,0.7418489926964297
ETC,GRT,0.6675339611266629,-3.3567832498343355,0.012523367486056274
XLM,RENDER,0.847527408143073,-2.6566609308836586,0.08184271408216631
XLM,AAVE,0.8698189275865161,-3.081018022545108,0.027990205831026124
XLM,IMX,0.20885693495494306,0.9451546066109966,0.9936521981011333
XLM,FIL,0.8470941874757609,-0.21273484730255507,0.936986535629854
XLM,ARB,0.0771752428219044,0.47485681037587546,0.9840885184029324
XLM,OP,0.16578851454251592,0.9477719310249603,0.9936831415784773
XLM,FTM,0.6526008168135061,-0.8724147679479028,0.7969208650993769
XLM,HBAR,0.640599757456906,-3.6055489076196228,0.005655826367456438
XLM,VET,0.8439422106875969,-3.356962469902102,0.012516490090167932
XLM,ATOM,0.5821124071232857,-1.5894034783098054,0.4889142973484433
XLM,BONK,-0.08531298132736483,-1.6703817108137284,0.44643366410302643
XLM,GRT,0.5330461919009764,-0.09434975579117846,0.9499984196826589
RENDER,AAVE,0.766423061284691,-2.733331264059413,0.06844595435823671
RENDER,IMX,0.6655674114677341,-0.5681028937525331,0.8780278178895657
RENDER,FIL,0.8856001253595077,-2.8881907462954928,0.04673858780763884
RENDER,ARB,0.9174021031771387,-3.8920739444624104,0.0020939590595659132
RENDER,OP,0.8582434250019495,-2.4990244498234455,0.11571186712275722
RENDER,FTM,0.7454057754309793,-1.6785547296880277,0.44219421278565363
RENDER,HBAR,0.8279408736601084,-4.132248347730779,0.0008562440821087921
RENDER,VET,0.8690460227966196,-4.297759472988714,0.0004481976273313466
RENDER,ATOM,0.9133298134878004,-3.370990036863975,0.01198847984838389
RENDER,BONK,0.04680533880872645,-0.3592105760305153,0.9166896347247763
RENDER,GRT,0.9429202080972331,-3.5614950999344104,0.006541291836197581
AAVE,IMX,0.5191415426675796,-0.3292923188353998,0.921251985505634
AAVE,FIL,0.9283391911812182,-2.5769029800969943,0.0978655290643567
AAVE,ARB,-0.1919292628124585,0.6510928484557442,0.9888095618270196
AAVE,OP,0.32779277288304237,1.0594561681863743,0.9948553016684306
AAVE,FTM,0.8146376861062495,-2.0396154208493247,0.26947765981218463
AAVE,HBAR,0.39893594315592884,-1.6561910020228423,0.4538136674781709
AAVE,VET,0.9217142664675286,-3.381020804900829,0.011623139258982397
AAVE,ATOM,0.6604783496531456,-1.9813017831827746,0.2948313113161668
AAVE,BONK,-0.3614647128200756,-0.5076465075791106,0.8905156743323674
AAVE,GRT,0.7245367493413972,-1.4460531240533336,0.5600095694114808
IMX,FIL,0.4736812957425599,-2.7577029385519776,0.0645742100944509
IMX,ARB,0.5738967672002292,-1.6244373724749244,0.470403730584082
IMX,OP,0.8345819240023339,-2.7891533716618286,0.059839913284535015
IMX,FTM,0.7296128556288048,-2.0007189201478166,0.2862579667311384
IMX,HBAR,0.6648150236781551,0.2942278594883446,0.9770781087427126
IMX,VET,0.8299305632715197,-1.5007902184238013,0.5331203929964344
IMX,ATOM,0.0232976222838781,-1.472638634087992,0.5470005993693203
IMX,BONK,-0.21479320821188339,-1.1824345475863969,0.6811059185090442
IMX,GRT,0.8739459858236046,-3.813963310867499,0.002767639824374164
FIL,ARB,0.7244965858851626,-1.5832706327003352,0.49199155282921775
FIL,OP,0.6289335138777615,-3.304472218029092,0.014679745930243954
FIL,FTM,0.8814204360699865,-6.0769192212220355,1.1158581495842698e-07
FIL,HBAR,0.7186074470105864,-1.3480240588208445,0.6069251404276956
FIL,VET,0.9415955710653064,-2.897078568429404,0.04568877644775758
FIL,ATOM,0.6947038414539373,-3.379504757549004,0.01167771389218683
FIL,BONK,-0.22788872409880462,-0.5612673030374802,0.8794960759360844
FIL,GRT,0.8182378738453945,-2.5129100379187923,0.11236468858758775
ARB,OP,0.815340162133807,-1.9877804262128356,0.2919565243193789
ARB,FTM,0.05972739018905992,-1.531092010256287,0.5180783583354789
ARB,HBAR,0.4109672898424282,-0.38329013776190757,0.9128515642964771
ARB,VET,0.5106323161864521,-0.7266313322464277,0.8397303136036864
ARB,ATOM,0.8542980966140434,-2.357202820451379,0.15418157825797713
ARB,BONK,-0.13747171022119317,-0.8420312049790528,0.8064629752606469
ARB,GRT,0.3835705172058395,-1.491234920635069,0.5378427564935716
OP,FTM,0.6101846911372286,-2.016798432527408,0.27925648888097865
OP,HBAR,0.6263633713461654,-0.20380656070697803,0.9380663619045112
OP,VET,0.7402132941852165,-1.6176862038755713,0.47394253926476204
OP,ATOM,0.25273238692617367,-2.0909954770488177,0.24815074696288603
OP,BONK,-0.089690249930783,-1.216690613807304,0.666374937977848
OP,GRT,0.7435825339327796,-2.791879187681867,0.05944316415067526
FTM,HBAR,0.686060035693292,-2.5207186516836013,0.11051428874934643
FTM,VET,0.8765204713308956,-3.292213045928453,0.01523016003823578
FTM,ATOM,0.8345199225769706,-1.4007563510855605,0.5819134606366096
FTM,BONK,-0.3671475924914615,-1.288485049467487,0.6344238140545363
FTM,GRT,0.8902087500577269,-4.775538618931383,6.055896387747388e-05
HBAR,VET,0.862094805838643,-2.984985526222575,0.036320553329973214
HBAR,ATOM,0.5068633915848043,1.5500216957662762,0.9976996141953798
HBAR,BONK,-0.10762111501381681,-0.5758461795587675,0.8763469337371668
HBAR,GRT,0.7580232934762241,0.3800362435276482,0.9807328214657265
VET,ATOM,0.6755018967732118,-2.6008405465370785,0.09282366797807201
VET,BONK,-0.18108285743683428,0.051963016270318546,0.9626241595108357
VET,GRT,0.9245214004235682,-2.976836479779592,0.03711493796859907
ATOM,BONK,-0.08465882186332897,-1.2300482756963216,0.6605380116983149
ATOM,GRT,0.6561212631831883,-2.5821248174582765,0.09674826880939741
BONK,GRT,-0.0499140703771923,-2.376915779333243,0.14835803014506999
